InvoiceNo,StockCode,Description,Quantity,InvoiceDate,UnitPrice,CustomerID,Country
17270,A1,Phone,3,2023-01-01 00:00:00,628,10065,Germany
10860,C3,Phone,1,2023-01-01 01:00:00,701,10008,Canada
15390,E5,Camera,3,2023-01-01 02:00:00,756,10106,USA
15191,D4,Laptop,2,2023-01-01 03:00:00,265,10099,Canada
15734,C3,Laptop,1,2023-01-01 04:00:00,948,10085,India
16265,B2,Phone,2,2023-01-01 05:00:00,595,10063,Germany
10466,E5,Headphones,5,2023-01-01 06:00:00,689,10021,UK
14426,E5,Laptop,4,2023-01-01 07:00:00,528,10109,India
15578,C3,Camera,5,2023-01-01 08:00:00,873,10096,India
18322,C3,Tablet,4,2023-01-01 09:00:00,262,10017,Canada
11685,D4,Tablet,5,2023-01-01 10:00:00,465,10070,USA
10769,A1,Tablet,3,2023-01-01 11:00:00,1362,10126,Germany
16949,C3,Headphones,2,2023-01-01 12:00:00,171,10096,UK
12433,C3,Phone,4,2023-01-01 13:00:00,754,10000,India
15311,B2,Camera,1,2023-01-01 14:00:00,368,10131,UK
15051,E5,Headphones,2,2023-01-01 15:00:00,514,10003,USA
16420,A1,Camera,1,2023-01-01 16:00:00,1368,10124,USA
11184,B2,Camera,2,2023-01-01 17:00:00,1115,10081,UK
14555,D4,Phone,2,2023-01-01 18:00:00,774,10026,Germany
13385,D4,Tablet,5,2023-01-01 19:00:00,1183,10058,USA
16396,C3,Phone,4,2023-01-01 20:00:00,105,10031,UK
18666,C3,Headphones,4,2023-01-01 21:00:00,1081,10027,India
19274,D4,Headphones,2,2023-01-01 22:00:00,669,10105,UK
12558,C3,Headphones,3,2023-01-01 23:00:00,506,10104,UK
17849,A1,Phone,3,2023-01-02 00:00:00,1340,10069,Canada
12047,C3,Camera,1,2023-01-02 01:00:00,125,10061,USA
12747,E5,Camera,1,2023-01-02 02:00:00,1128,10033,Germany
19167,C3,Laptop,5,2023-01-02 03:00:00,1085,10086,Germany
19998,B2,Headphones,2,2023-01-02 04:00:00,489,10113,Canada
10189,A1,Camera,1,2023-01-02 05:00:00,809,10105,Germany
12734,B2,Laptop,1,2023-01-02 06:00:00,670,10055,UK
13005,B2,Camera,2,2023-01-02 07:00:00,853,10112,Canada
14658,E5,Headphones,5,2023-01-02 08:00:00,245,10012,India
11899,A1,Tablet,1,2023-01-02 09:00:00,884,10017,USA
17734,A1,Headphones,5,2023-01-02 10:00:00,1372,10112,USA
11267,A1,Phone,4,2023-01-02 11:00:00,625,10038,USA
11528,A1,Camera,5,2023-01-02 12:00:00,112,10078,UK
13556,A1,Camera,3,2023-01-02 13:00:00,1002,10145,India
13890,E5,Phone,3,2023-01-02 14:00:00,483,10029,Canada
18838,C3,Phone,5,2023-01-02 15:00:00,655,10097,Canada
15393,B2,Tablet,3,2023-01-02 16:00:00,986,10057,USA
18792,A1,Camera,4,2023-01-02 17:00:00,118,10066,India
18433,C3,Camera,2,2023-01-02 18:00:00,674,10070,India
17513,C3,Tablet,3,2023-01-02 19:00:00,850,10145,India
12612,B2,Laptop,3,2023-01-02 20:00:00,1103,10105,Germany
17041,E5,Tablet,5,2023-01-02 21:00:00,518,10006,Germany
19555,D4,Headphones,4,2023-01-02 22:00:00,1460,10039,USA
16235,D4,Camera,2,2023-01-02 23:00:00,518,10069,India
15486,C3,Phone,5,2023-01-03 00:00:00,221,10067,India
17099,B2,Headphones,5,2023-01-03 01:00:00,531,10048,Canada
19670,D4,Camera,4,2023-01-03 02:00:00,143,10051,Canada
10775,C3,Tablet,2,2023-01-03 03:00:00,1440,10113,USA
18226,E5,Headphones,4,2023-01-03 04:00:00,480,10106,India
13152,D4,Camera,2,2023-01-03 05:00:00,244,10028,USA
11585,C3,Laptop,4,2023-01-03 06:00:00,1450,10148,Canada
13943,C3,Laptop,5,2023-01-03 07:00:00,462,10077,Canada
17555,A1,Phone,5,2023-01-03 08:00:00,1173,10008,Germany
13073,E5,Camera,1,2023-01-03 09:00:00,1188,10075,USA
11021,A1,Laptop,3,2023-01-03 10:00:00,454,10041,USA
13843,B2,Tablet,4,2023-01-03 11:00:00,899,10127,India
17989,A1,Camera,1,2023-01-03 12:00:00,1287,10019,India
19692,A1,Tablet,3,2023-01-03 13:00:00,1264,10071,Germany
16873,D4,Tablet,4,2023-01-03 14:00:00,925,10064,UK
15675,C3,Laptop,2,2023-01-03 15:00:00,1251,10112,UK
10161,E5,Camera,3,2023-01-03 16:00:00,497,10023,UK
14297,A1,Headphones,5,2023-01-03 17:00:00,979,10127,USA
10995,E5,Laptop,1,2023-01-03 18:00:00,562,10082,USA
17629,A1,Laptop,3,2023-01-03 19:00:00,907,10062,Canada
19467,B2,Camera,3,2023-01-03 20:00:00,286,10059,USA
11016,A1,Camera,5,2023-01-03 21:00:00,831,10098,USA
17869,D4,Tablet,4,2023-01-03 22:00:00,1313,10061,USA
16439,C3,Camera,2,2023-01-03 23:00:00,528,10029,Germany
17892,B2,Tablet,5,2023-01-04 00:00:00,957,10021,USA
16863,A1,Laptop,2,2023-01-04 01:00:00,1407,10125,India
17916,E5,Phone,4,2023-01-04 02:00:00,336,10041,India
18529,B2,Headphones,3,2023-01-04 03:00:00,1317,10097,Canada
10878,B2,Laptop,2,2023-01-04 04:00:00,1410,10030,Germany
19268,A1,Camera,1,2023-01-04 05:00:00,870,10111,India
14887,B2,Headphones,1,2023-01-04 06:00:00,857,10145,Germany
14859,E5,Phone,5,2023-01-04 07:00:00,235,10121,Germany
16331,B2,Phone,4,2023-01-04 08:00:00,891,10016,Canada
18571,E5,Tablet,5,2023-01-04 09:00:00,270,10037,Germany
18684,A1,Headphones,5,2023-01-04 10:00:00,258,10141,USA
17208,C3,Tablet,5,2023-01-04 11:00:00,300,10109,Germany
15276,B2,Laptop,1,2023-01-04 12:00:00,1061,10021,Canada
12062,C3,Headphones,1,2023-01-04 13:00:00,682,10055,Canada
10064,E5,Laptop,5,2023-01-04 14:00:00,975,10118,Canada
18006,B2,Tablet,1,2023-01-04 15:00:00,470,10146,India
12568,D4,Headphones,4,2023-01-04 16:00:00,202,10056,USA
15463,C3,Tablet,5,2023-01-04 17:00:00,1101,10034,India
12027,B2,Headphones,1,2023-01-04 18:00:00,1248,10113,UK
12695,C3,Tablet,2,2023-01-04 19:00:00,1436,10124,USA
19687,B2,Phone,5,2023-01-04 20:00:00,1075,10128,Germany
15258,A1,Tablet,5,2023-01-04 21:00:00,897,10051,Canada
15618,C3,Phone,4,2023-01-04 22:00:00,1353,10084,UK
16736,D4,Tablet,3,2023-01-04 23:00:00,757,10064,USA
10391,D4,Headphones,3,2023-01-05 00:00:00,981,10128,India
15892,E5,Headphones,4,2023-01-05 01:00:00,1320,10020,Canada
13561,B2,Headphones,4,2023-01-05 02:00:00,832,10015,India
16184,C3,Camera,4,2023-01-05 03:00:00,522,10122,USA
13099,E5,Laptop,3,2023-01-05 04:00:00,671,10060,USA
16278,C3,Headphones,4,2023-01-05 05:00:00,270,10053,UK
18392,B2,Phone,1,2023-01-05 06:00:00,272,10025,Germany
13104,D4,Headphones,5,2023-01-05 07:00:00,762,10079,India
17215,A1,Camera,5,2023-01-05 08:00:00,552,10064,UK
12454,D4,Phone,2,2023-01-05 09:00:00,449,10099,Canada
18996,E5,Camera,2,2023-01-05 10:00:00,593,10073,Germany
12731,A1,Phone,5,2023-01-05 11:00:00,719,10016,UK
18154,E5,Tablet,1,2023-01-05 12:00:00,1127,10120,India
19762,B2,Laptop,3,2023-01-05 13:00:00,1216,10022,USA
15056,A1,Laptop,3,2023-01-05 14:00:00,1018,10134,Canada
18110,E5,Camera,1,2023-01-05 15:00:00,105,10070,India
13840,B2,Laptop,3,2023-01-05 16:00:00,387,10107,Germany
11028,D4,Camera,4,2023-01-05 17:00:00,1269,10078,Germany
17385,B2,Camera,5,2023-01-05 18:00:00,707,10045,USA
10502,C3,Camera,5,2023-01-05 19:00:00,556,10077,USA
16910,B2,Laptop,1,2023-01-05 20:00:00,1325,10015,Canada
19062,B2,Camera,3,2023-01-05 21:00:00,1335,10070,Canada
16938,C3,Laptop,2,2023-01-05 22:00:00,1129,10095,USA
14488,E5,Camera,2,2023-01-05 23:00:00,723,10146,USA
10206,E5,Headphones,3,2023-01-06 00:00:00,475,10001,Germany
15134,B2,Camera,2,2023-01-06 01:00:00,546,10009,USA
15977,C3,Phone,1,2023-01-06 02:00:00,934,10124,UK
17721,C3,Camera,1,2023-01-06 03:00:00,1229,10080,India
17035,D4,Tablet,3,2023-01-06 04:00:00,910,10139,USA
11484,E5,Camera,2,2023-01-06 05:00:00,1219,10069,Canada
17858,A1,Phone,1,2023-01-06 06:00:00,1058,10149,UK
10863,E5,Phone,1,2023-01-06 07:00:00,948,10031,Canada
12790,E5,Laptop,4,2023-01-06 08:00:00,908,10104,UK
17408,D4,Headphones,4,2023-01-06 09:00:00,1078,10083,USA
18755,A1,Camera,1,2023-01-06 10:00:00,515,10128,India
15116,D4,Laptop,3,2023-01-06 11:00:00,825,10057,Canada
16019,A1,Headphones,5,2023-01-06 12:00:00,553,10145,UK
11757,B2,Camera,5,2023-01-06 13:00:00,1414,10133,Germany
17574,A1,Tablet,1,2023-01-06 14:00:00,1316,10044,USA
16374,D4,Camera,1,2023-01-06 15:00:00,249,10096,India
16892,E5,Phone,1,2023-01-06 16:00:00,858,10022,USA
11678,A1,Phone,3,2023-01-06 17:00:00,878,10022,Germany
13242,A1,Tablet,4,2023-01-06 18:00:00,1072,10134,India
14636,C3,Laptop,1,2023-01-06 19:00:00,862,10078,Germany
11059,E5,Headphones,1,2023-01-06 20:00:00,1101,10043,USA
16668,B2,Camera,2,2023-01-06 21:00:00,1439,10026,UK
19914,D4,Phone,3,2023-01-06 22:00:00,175,10025,USA
13157,B2,Laptop,1,2023-01-06 23:00:00,698,10096,USA
15915,E5,Tablet,2,2023-01-07 00:00:00,1393,10035,USA
19789,A1,Phone,5,2023-01-07 01:00:00,324,10108,Canada
12693,A1,Tablet,1,2023-01-07 02:00:00,212,10054,Germany
13627,E5,Camera,1,2023-01-07 03:00:00,350,10068,Germany
19555,A1,Headphones,2,2023-01-07 04:00:00,1356,10060,Germany
15450,A1,Phone,3,2023-01-07 05:00:00,940,10129,Canada
11663,A1,Phone,1,2023-01-07 06:00:00,813,10054,UK
19721,D4,Camera,5,2023-01-07 07:00:00,1206,10121,USA
15592,D4,Laptop,1,2023-01-07 08:00:00,224,10096,UK
17392,C3,Headphones,5,2023-01-07 09:00:00,1298,10079,Canada
11306,B2,Phone,4,2023-01-07 10:00:00,1192,10086,Germany
16776,E5,Headphones,4,2023-01-07 11:00:00,1170,10037,USA
15864,E5,Phone,5,2023-01-07 12:00:00,983,10118,India
19474,E5,Headphones,3,2023-01-07 13:00:00,1379,10077,India
17526,C3,Tablet,1,2023-01-07 14:00:00,129,10034,UK
18901,D4,Phone,1,2023-01-07 15:00:00,380,10078,Germany
15575,C3,Headphones,4,2023-01-07 16:00:00,1023,10066,India
15530,E5,Laptop,5,2023-01-07 17:00:00,1360,10086,UK
14413,B2,Tablet,1,2023-01-07 18:00:00,1371,10033,Canada
13748,A1,Tablet,1,2023-01-07 19:00:00,467,10096,UK
10663,D4,Laptop,3,2023-01-07 20:00:00,594,10070,UK
11998,D4,Headphones,2,2023-01-07 21:00:00,1148,10002,UK
17994,C3,Camera,4,2023-01-07 22:00:00,817,10057,USA
11495,D4,Laptop,4,2023-01-07 23:00:00,1116,10031,UK
13304,E5,Headphones,2,2023-01-08 00:00:00,1437,10030,UK
13763,E5,Laptop,1,2023-01-08 01:00:00,705,10081,USA
15232,C3,Laptop,3,2023-01-08 02:00:00,474,10042,USA
11853,E5,Phone,3,2023-01-08 03:00:00,738,10134,Canada
16585,B2,Headphones,4,2023-01-08 04:00:00,1148,10104,Germany
11291,C3,Camera,3,2023-01-08 05:00:00,1457,10000,India
13581,B2,Phone,2,2023-01-08 06:00:00,1478,10060,India
17554,A1,Laptop,1,2023-01-08 07:00:00,215,10013,UK
17280,B2,Laptop,2,2023-01-08 08:00:00,147,10005,Canada
11636,A1,Laptop,5,2023-01-08 09:00:00,198,10102,UK
13696,A1,Headphones,4,2023-01-08 10:00:00,504,10009,India
10698,B2,Headphones,3,2023-01-08 11:00:00,1337,10070,USA
14737,C3,Phone,5,2023-01-08 12:00:00,784,10089,Germany
10854,E5,Camera,3,2023-01-08 13:00:00,1002,10148,Canada
18164,E5,Phone,1,2023-01-08 14:00:00,602,10125,USA
15855,A1,Tablet,1,2023-01-08 15:00:00,993,10096,Germany
17392,A1,Laptop,1,2023-01-08 16:00:00,357,10073,Canada
16528,C3,Laptop,3,2023-01-08 17:00:00,943,10114,Canada
15249,D4,Laptop,5,2023-01-08 18:00:00,220,10050,India
15172,B2,Phone,1,2023-01-08 19:00:00,909,10055,USA
11707,A1,Phone,5,2023-01-08 20:00:00,1077,10040,Canada
15791,E5,Laptop,3,2023-01-08 21:00:00,153,10031,Canada
19925,C3,Phone,5,2023-01-08 22:00:00,1118,10014,Germany
15535,B2,Headphones,3,2023-01-08 23:00:00,1454,10061,India
14931,C3,Headphones,3,2023-01-09 00:00:00,883,10027,UK
13510,B2,Phone,4,2023-01-09 01:00:00,340,10063,India
10202,B2,Laptop,3,2023-01-09 02:00:00,582,10129,UK
14218,A1,Phone,3,2023-01-09 03:00:00,1112,10126,USA
18958,C3,Phone,2,2023-01-09 04:00:00,286,10035,USA
14389,C3,Phone,1,2023-01-09 05:00:00,755,10113,Canada
12327,E5,Tablet,4,2023-01-09 06:00:00,361,10012,USA
18004,E5,Headphones,4,2023-01-09 07:00:00,1052,10014,Canada
12931,A1,Camera,4,2023-01-09 08:00:00,1487,10088,India
17777,A1,Camera,2,2023-01-09 09:00:00,590,10021,USA
10197,D4,Tablet,3,2023-01-09 10:00:00,530,10073,India
17125,E5,Phone,1,2023-01-09 11:00:00,338,10024,India
11930,B2,Tablet,5,2023-01-09 12:00:00,403,10100,USA
16287,C3,Tablet,3,2023-01-09 13:00:00,397,10116,India
18800,A1,Laptop,2,2023-01-09 14:00:00,175,10040,USA
19339,C3,Headphones,3,2023-01-09 15:00:00,1456,10087,USA
14282,C3,Camera,3,2023-01-09 16:00:00,1098,10109,USA
12511,D4,Phone,2,2023-01-09 17:00:00,741,10119,UK
19986,E5,Camera,4,2023-01-09 18:00:00,926,10096,India
10659,A1,Camera,4,2023-01-09 19:00:00,382,10144,Germany
12811,C3,Headphones,1,2023-01-09 20:00:00,690,10056,USA
17098,A1,Camera,1,2023-01-09 21:00:00,171,10129,India
16546,B2,Camera,4,2023-01-09 22:00:00,1386,10095,Canada
19561,D4,Tablet,5,2023-01-09 23:00:00,802,10120,USA
11986,B2,Headphones,3,2023-01-10 00:00:00,674,10061,USA
18338,A1,Laptop,5,2023-01-10 01:00:00,1099,10136,Germany
12911,A1,Phone,3,2023-01-10 02:00:00,991,10067,UK
11734,E5,Camera,4,2023-01-10 03:00:00,111,10080,UK
11843,C3,Phone,1,2023-01-10 04:00:00,240,10016,USA
18680,C3,Laptop,1,2023-01-10 05:00:00,116,10116,India
12976,B2,Phone,5,2023-01-10 06:00:00,1186,10049,Canada
11959,D4,Laptop,1,2023-01-10 07:00:00,352,10111,Canada
15759,C3,Tablet,4,2023-01-10 08:00:00,564,10093,India
16694,E5,Camera,5,2023-01-10 09:00:00,475,10084,USA
12385,B2,Laptop,3,2023-01-10 10:00:00,1080,10148,Canada
14736,B2,Phone,1,2023-01-10 11:00:00,619,10145,UK
11802,E5,Camera,2,2023-01-10 12:00:00,189,10073,India
18155,D4,Tablet,1,2023-01-10 13:00:00,819,10108,Germany
18120,E5,Camera,3,2023-01-10 14:00:00,903,10144,USA
16616,D4,Laptop,5,2023-01-10 15:00:00,895,10017,India
15534,E5,Tablet,3,2023-01-10 16:00:00,729,10041,Canada
14061,E5,Phone,2,2023-01-10 17:00:00,1298,10100,USA
10262,A1,Tablet,4,2023-01-10 18:00:00,175,10044,UK
16287,B2,Tablet,1,2023-01-10 19:00:00,1025,10081,USA
18815,E5,Headphones,5,2023-01-10 20:00:00,499,10016,USA
19208,E5,Tablet,4,2023-01-10 21:00:00,1069,10072,UK
12049,C3,Tablet,3,2023-01-10 22:00:00,1194,10013,UK
15423,B2,Camera,5,2023-01-10 23:00:00,1303,10131,USA
14548,C3,Phone,4,2023-01-11 00:00:00,1247,10081,UK
13108,B2,Camera,5,2023-01-11 01:00:00,1416,10147,India
17158,C3,Camera,2,2023-01-11 02:00:00,896,10119,UK
17400,E5,Laptop,2,2023-01-11 03:00:00,294,10119,UK
13170,E5,Camera,1,2023-01-11 04:00:00,327,10046,USA
19874,A1,Headphones,1,2023-01-11 05:00:00,560,10106,India
12255,C3,Headphones,2,2023-01-11 06:00:00,717,10107,Germany
11154,D4,Laptop,5,2023-01-11 07:00:00,1144,10008,Germany
14499,A1,Phone,2,2023-01-11 08:00:00,163,10078,Canada
16295,C3,Phone,1,2023-01-11 09:00:00,264,10014,UK
16197,C3,Camera,2,2023-01-11 10:00:00,126,10018,UK
19888,A1,Camera,2,2023-01-11 11:00:00,1434,10089,India
11648,E5,Camera,5,2023-01-11 12:00:00,1111,10025,Germany
15539,C3,Phone,4,2023-01-11 13:00:00,384,10091,Canada
19637,E5,Tablet,1,2023-01-11 14:00:00,380,10081,India
14199,A1,Headphones,5,2023-01-11 15:00:00,937,10130,UK
18445,E5,Tablet,2,2023-01-11 16:00:00,930,10041,Germany
12557,B2,Tablet,2,2023-01-11 17:00:00,1287,10018,Canada
15592,D4,Phone,4,2023-01-11 18:00:00,1017,10016,USA
10098,C3,Tablet,1,2023-01-11 19:00:00,323,10075,Germany
12200,D4,Laptop,1,2023-01-11 20:00:00,883,10062,Canada
12961,E5,Camera,3,2023-01-11 21:00:00,1269,10130,India
14973,C3,Laptop,1,2023-01-11 22:00:00,1064,10106,USA
14433,E5,Headphones,4,2023-01-11 23:00:00,1049,10048,Canada
12869,B2,Camera,3,2023-01-12 00:00:00,1153,10054,Canada
10956,A1,Tablet,3,2023-01-12 01:00:00,144,10098,UK
18352,C3,Headphones,2,2023-01-12 02:00:00,570,10051,Germany
15699,B2,Camera,2,2023-01-12 03:00:00,133,10099,UK
16944,B2,Tablet,1,2023-01-12 04:00:00,752,10116,USA
14493,C3,Laptop,3,2023-01-12 05:00:00,929,10117,Canada
19492,E5,Camera,2,2023-01-12 06:00:00,320,10006,UK
14911,B2,Tablet,4,2023-01-12 07:00:00,633,10045,Germany
13987,D4,Laptop,2,2023-01-12 08:00:00,791,10045,USA
19719,B2,Headphones,2,2023-01-12 09:00:00,1490,10099,India
16015,E5,Headphones,3,2023-01-12 10:00:00,1031,10143,UK
11218,E5,Headphones,3,2023-01-12 11:00:00,940,10053,USA
14496,D4,Headphones,5,2023-01-12 12:00:00,1110,10061,India
14735,B2,Phone,4,2023-01-12 13:00:00,681,10128,UK
14555,E5,Camera,3,2023-01-12 14:00:00,1239,10048,USA
19146,C3,Camera,1,2023-01-12 15:00:00,338,10024,USA
18050,A1,Phone,4,2023-01-12 16:00:00,1458,10009,UK
13446,A1,Tablet,4,2023-01-12 17:00:00,540,10117,USA
11045,A1,Tablet,3,2023-01-12 18:00:00,247,10143,Canada
16893,B2,Headphones,4,2023-01-12 19:00:00,1132,10091,UK
11693,D4,Laptop,3,2023-01-12 20:00:00,1411,10133,USA
13436,E5,Tablet,2,2023-01-12 21:00:00,487,10143,India
18754,C3,Laptop,5,2023-01-12 22:00:00,1173,10147,India
15895,C3,Camera,2,2023-01-12 23:00:00,1015,10079,Canada
13354,B2,Laptop,3,2023-01-13 00:00:00,737,10070,UK
10225,A1,Camera,3,2023-01-13 01:00:00,377,10077,USA
14893,B2,Phone,2,2023-01-13 02:00:00,1088,10042,USA
17022,D4,Phone,1,2023-01-13 03:00:00,1423,10089,India
19151,D4,Headphones,1,2023-01-13 04:00:00,688,10077,Canada
15600,E5,Tablet,1,2023-01-13 05:00:00,748,10025,India
17996,E5,Headphones,3,2023-01-13 06:00:00,717,10120,India
19007,D4,Camera,4,2023-01-13 07:00:00,234,10044,Canada
17683,D4,Headphones,3,2023-01-13 08:00:00,679,10062,UK
14642,D4,Laptop,4,2023-01-13 09:00:00,1270,10067,USA
17679,B2,Camera,2,2023-01-13 10:00:00,589,10001,UK
18208,D4,Phone,5,2023-01-13 11:00:00,577,10141,Germany
17339,C3,Tablet,4,2023-01-13 12:00:00,1282,10107,Germany
19435,A1,Camera,1,2023-01-13 13:00:00,483,10029,Germany
12205,D4,Camera,3,2023-01-13 14:00:00,262,10048,Canada
11069,A1,Laptop,2,2023-01-13 15:00:00,540,10139,India
13444,B2,Tablet,1,2023-01-13 16:00:00,1312,10043,UK
11060,A1,Phone,2,2023-01-13 17:00:00,514,10012,USA
12327,B2,Camera,5,2023-01-13 18:00:00,1462,10077,Germany
13420,C3,Camera,3,2023-01-13 19:00:00,1304,10125,UK
10301,B2,Laptop,3,2023-01-13 20:00:00,387,10097,Germany
10606,B2,Headphones,5,2023-01-13 21:00:00,286,10025,Germany
13170,E5,Phone,3,2023-01-13 22:00:00,1261,10148,USA
10699,D4,Tablet,4,2023-01-13 23:00:00,229,10047,Canada
15088,D4,Camera,2,2023-01-14 00:00:00,293,10065,India
19331,C3,Camera,1,2023-01-14 01:00:00,415,10086,Canada
10190,C3,Phone,5,2023-01-14 02:00:00,243,10078,UK
10980,D4,Headphones,4,2023-01-14 03:00:00,115,10022,Canada
12975,E5,Camera,1,2023-01-14 04:00:00,1425,10080,UK
16102,D4,Phone,1,2023-01-14 05:00:00,522,10047,UK
11184,E5,Laptop,5,2023-01-14 06:00:00,344,10123,India
13327,C3,Headphones,4,2023-01-14 07:00:00,1026,10129,USA
13394,A1,Tablet,1,2023-01-14 08:00:00,1230,10083,India
18319,C3,Camera,1,2023-01-14 09:00:00,1211,10019,Canada
11816,C3,Phone,4,2023-01-14 10:00:00,228,10045,UK
15854,B2,Laptop,3,2023-01-14 11:00:00,1006,10130,Germany
16709,B2,Tablet,1,2023-01-14 12:00:00,986,10011,Germany
10569,B2,Phone,2,2023-01-14 13:00:00,440,10039,UK
15442,B2,Phone,4,2023-01-14 14:00:00,103,10065,India
11895,E5,Tablet,1,2023-01-14 15:00:00,1450,10099,USA
12733,D4,Laptop,5,2023-01-14 16:00:00,405,10077,India
13863,A1,Laptop,2,2023-01-14 17:00:00,1007,10015,UK
17455,C3,Headphones,1,2023-01-14 18:00:00,706,10082,UK
14014,E5,Camera,2,2023-01-14 19:00:00,1348,10043,USA
11686,A1,Tablet,2,2023-01-14 20:00:00,1471,10133,Canada
13009,E5,Tablet,3,2023-01-14 21:00:00,1091,10099,Canada
17806,E5,Tablet,2,2023-01-14 22:00:00,420,10021,USA
10154,C3,Laptop,3,2023-01-14 23:00:00,658,10017,Canada
11409,D4,Camera,4,2023-01-15 00:00:00,1304,10011,Germany
10784,B2,Headphones,3,2023-01-15 01:00:00,717,10122,Canada
18096,D4,Phone,5,2023-01-15 02:00:00,810,10116,Canada
17560,C3,Phone,1,2023-01-15 03:00:00,1231,10050,Canada
17343,C3,Tablet,4,2023-01-15 04:00:00,630,10070,Germany
17206,C3,Camera,4,2023-01-15 05:00:00,509,10047,Canada
15596,A1,Laptop,5,2023-01-15 06:00:00,1419,10018,Germany
15801,D4,Camera,3,2023-01-15 07:00:00,917,10005,USA
12806,D4,Camera,1,2023-01-15 08:00:00,1294,10083,India
10537,E5,Laptop,3,2023-01-15 09:00:00,1454,10052,USA
15986,E5,Tablet,2,2023-01-15 10:00:00,592,10106,India
11841,E5,Camera,3,2023-01-15 11:00:00,1318,10100,USA
18716,C3,Phone,4,2023-01-15 12:00:00,111,10047,India
16971,D4,Laptop,1,2023-01-15 13:00:00,294,10134,India
15625,C3,Headphones,3,2023-01-15 14:00:00,589,10068,UK
12950,A1,Tablet,1,2023-01-15 15:00:00,894,10010,India
17992,E5,Laptop,1,2023-01-15 16:00:00,980,10142,India
14780,C3,Headphones,2,2023-01-15 17:00:00,281,10130,UK
12368,C3,Headphones,2,2023-01-15 18:00:00,1061,10121,Canada
16655,A1,Camera,4,2023-01-15 19:00:00,755,10068,Canada
18173,B2,Camera,5,2023-01-15 20:00:00,1439,10022,UK
14495,D4,Camera,1,2023-01-15 21:00:00,793,10036,Germany
19163,B2,Laptop,5,2023-01-15 22:00:00,129,10008,India
16002,E5,Laptop,4,2023-01-15 23:00:00,1219,10014,India
16614,C3,Tablet,1,2023-01-16 00:00:00,877,10130,UK
19358,A1,Camera,1,2023-01-16 01:00:00,543,10092,UK
15919,A1,Headphones,5,2023-01-16 02:00:00,397,10016,Germany
10853,D4,Phone,3,2023-01-16 03:00:00,907,10148,Canada
14146,B2,Tablet,2,2023-01-16 04:00:00,944,10071,USA
13769,D4,Laptop,3,2023-01-16 05:00:00,1115,10148,Canada
10574,C3,Tablet,5,2023-01-16 06:00:00,1484,10120,India
11148,D4,Tablet,2,2023-01-16 07:00:00,1497,10010,UK
16293,A1,Tablet,3,2023-01-16 08:00:00,653,10071,Germany
16457,A1,Tablet,2,2023-01-16 09:00:00,402,10105,Canada
17509,E5,Phone,1,2023-01-16 10:00:00,520,10124,Germany
19907,E5,Camera,3,2023-01-16 11:00:00,1369,10034,Canada
14777,C3,Headphones,2,2023-01-16 12:00:00,1360,10118,India
13854,B2,Tablet,2,2023-01-16 13:00:00,284,10013,USA
12491,D4,Tablet,2,2023-01-16 14:00:00,567,10013,Germany
13124,C3,Tablet,3,2023-01-16 15:00:00,853,10009,Germany
15691,E5,Camera,4,2023-01-16 16:00:00,462,10139,USA
13051,D4,Laptop,3,2023-01-16 17:00:00,1406,10037,Germany
10004,E5,Laptop,5,2023-01-16 18:00:00,435,10107,Germany
15222,D4,Phone,3,2023-01-16 19:00:00,261,10118,Canada
15315,B2,Laptop,2,2023-01-16 20:00:00,1283,10033,Canada
14869,C3,Tablet,1,2023-01-16 21:00:00,1445,10009,USA
10876,D4,Tablet,3,2023-01-16 22:00:00,111,10121,India
19183,A1,Tablet,3,2023-01-16 23:00:00,1196,10144,Germany
17027,A1,Phone,2,2023-01-17 00:00:00,687,10144,India
14142,D4,Tablet,1,2023-01-17 01:00:00,300,10114,USA
16966,D4,Laptop,1,2023-01-17 02:00:00,621,10000,USA
17079,D4,Camera,5,2023-01-17 03:00:00,604,10011,Canada
17987,A1,Camera,3,2023-01-17 04:00:00,887,10102,Germany
16799,A1,Headphones,1,2023-01-17 05:00:00,1162,10003,UK
14465,D4,Laptop,1,2023-01-17 06:00:00,159,10140,USA
10635,E5,Tablet,4,2023-01-17 07:00:00,677,10097,Germany
11693,E5,Camera,4,2023-01-17 08:00:00,420,10105,India
19874,B2,Laptop,1,2023-01-17 09:00:00,1022,10084,Canada
14752,C3,Camera,5,2023-01-17 10:00:00,668,10120,India
18311,E5,Tablet,1,2023-01-17 11:00:00,1201,10131,USA
10830,A1,Camera,2,2023-01-17 12:00:00,1317,10081,USA
15177,E5,Headphones,3,2023-01-17 13:00:00,1408,10018,India
19561,B2,Headphones,5,2023-01-17 14:00:00,626,10129,USA
18932,B2,Camera,2,2023-01-17 15:00:00,623,10011,Germany
18308,C3,Laptop,5,2023-01-17 16:00:00,712,10080,USA
15949,E5,Laptop,2,2023-01-17 17:00:00,1279,10073,Canada
12838,A1,Laptop,3,2023-01-17 18:00:00,1463,10097,Germany
11150,A1,Camera,3,2023-01-17 19:00:00,224,10005,UK
17560,D4,Laptop,4,2023-01-17 20:00:00,970,10135,USA
11931,A1,Tablet,2,2023-01-17 21:00:00,379,10124,USA
19204,C3,Headphones,4,2023-01-17 22:00:00,1016,10050,Canada
11664,C3,Tablet,2,2023-01-17 23:00:00,721,10010,Canada
11081,A1,Laptop,4,2023-01-18 00:00:00,945,10126,India
10512,A1,Tablet,3,2023-01-18 01:00:00,773,10139,India
17805,D4,Laptop,5,2023-01-18 02:00:00,1251,10072,India
15237,A1,Camera,4,2023-01-18 03:00:00,413,10001,Canada
10559,D4,Tablet,2,2023-01-18 04:00:00,431,10007,India
13672,D4,Camera,2,2023-01-18 05:00:00,1273,10138,India
17404,A1,Camera,3,2023-01-18 06:00:00,135,10123,UK
13343,B2,Phone,2,2023-01-18 07:00:00,1145,10052,India
14070,B2,Laptop,1,2023-01-18 08:00:00,305,10009,USA
19662,D4,Headphones,5,2023-01-18 09:00:00,738,10111,Canada
10580,A1,Laptop,4,2023-01-18 10:00:00,947,10007,Germany
17004,B2,Headphones,5,2023-01-18 11:00:00,1479,10035,UK
18130,A1,Laptop,3,2023-01-18 12:00:00,539,10105,Canada
13147,A1,Camera,4,2023-01-18 13:00:00,828,10013,Canada
14249,A1,Tablet,4,2023-01-18 14:00:00,1219,10085,USA
11679,E5,Tablet,1,2023-01-18 15:00:00,1040,10148,India
13506,A1,Phone,3,2023-01-18 16:00:00,263,10049,USA
17253,E5,Headphones,2,2023-01-18 17:00:00,247,10019,India
12744,D4,Headphones,1,2023-01-18 18:00:00,393,10086,India
19435,B2,Headphones,1,2023-01-18 19:00:00,294,10134,Canada
15188,B2,Camera,5,2023-01-18 20:00:00,762,10136,India
12141,B2,Headphones,5,2023-01-18 21:00:00,579,10128,UK
16617,B2,Tablet,5,2023-01-18 22:00:00,222,10037,UK
12479,B2,Camera,1,2023-01-18 23:00:00,798,10043,UK
16484,B2,Laptop,2,2023-01-19 00:00:00,1064,10085,Canada
19827,B2,Headphones,4,2023-01-19 01:00:00,760,10043,USA
17421,D4,Headphones,5,2023-01-19 02:00:00,1227,10073,Germany
19949,A1,Laptop,2,2023-01-19 03:00:00,809,10118,India
14452,C3,Headphones,3,2023-01-19 04:00:00,495,10121,Germany
15881,E5,Laptop,5,2023-01-19 05:00:00,1011,10133,USA
16665,C3,Camera,4,2023-01-19 06:00:00,1460,10144,USA
12849,C3,Tablet,3,2023-01-19 07:00:00,1104,10050,Canada
17390,A1,Laptop,3,2023-01-19 08:00:00,1265,10037,UK
16905,A1,Phone,4,2023-01-19 09:00:00,416,10050,UK
12489,A1,Laptop,5,2023-01-19 10:00:00,780,10009,USA
19823,B2,Headphones,1,2023-01-19 11:00:00,1433,10119,Canada
19207,D4,Camera,4,2023-01-19 12:00:00,594,10148,Canada
19540,B2,Camera,4,2023-01-19 13:00:00,655,10069,India
14611,D4,Laptop,4,2023-01-19 14:00:00,709,10084,UK
12839,D4,Tablet,3,2023-01-19 15:00:00,208,10056,USA
18527,C3,Phone,2,2023-01-19 16:00:00,471,10125,Germany
15878,C3,Camera,1,2023-01-19 17:00:00,954,10038,UK
19087,D4,Headphones,5,2023-01-19 18:00:00,715,10032,India
16303,D4,Headphones,5,2023-01-19 19:00:00,867,10017,Canada
10851,B2,Tablet,2,2023-01-19 20:00:00,305,10056,USA
11687,B2,Camera,4,2023-01-19 21:00:00,946,10095,UK
16833,C3,Laptop,1,2023-01-19 22:00:00,142,10047,Germany
12427,A1,Headphones,5,2023-01-19 23:00:00,964,10041,India
19760,D4,Tablet,5,2023-01-20 00:00:00,1368,10026,India
14000,B2,Camera,4,2023-01-20 01:00:00,1410,10073,UK
15052,C3,Camera,2,2023-01-20 02:00:00,1478,10109,Germany
12738,B2,Camera,1,2023-01-20 03:00:00,884,10031,India
15732,D4,Camera,2,2023-01-20 04:00:00,575,10025,USA
15387,D4,Camera,2,2023-01-20 05:00:00,182,10024,India
18002,E5,Headphones,1,2023-01-20 06:00:00,1233,10074,Germany
15536,A1,Tablet,1,2023-01-20 07:00:00,289,10022,Canada
13913,E5,Camera,5,2023-01-20 08:00:00,899,10056,Canada
11066,C3,Phone,5,2023-01-20 09:00:00,1035,10125,UK
17723,B2,Phone,1,2023-01-20 10:00:00,350,10086,Germany
14380,C3,Tablet,3,2023-01-20 11:00:00,390,10030,India
14107,D4,Laptop,5,2023-01-20 12:00:00,1324,10063,India
15726,E5,Laptop,3,2023-01-20 13:00:00,425,10032,Canada
13373,E5,Laptop,1,2023-01-20 14:00:00,936,10001,Canada
18945,E5,Phone,5,2023-01-20 15:00:00,607,10017,USA
12082,C3,Laptop,2,2023-01-20 16:00:00,830,10083,Canada
18967,D4,Headphones,1,2023-01-20 17:00:00,171,10034,USA
16748,B2,Camera,4,2023-01-20 18:00:00,1370,10113,India
19817,B2,Phone,3,2023-01-20 19:00:00,740,10145,USA
10417,C3,Tablet,1,2023-01-20 20:00:00,1039,10109,USA
18306,E5,Tablet,1,2023-01-20 21:00:00,707,10087,UK
18808,A1,Camera,5,2023-01-20 22:00:00,665,10071,Canada
13974,C3,Phone,5,2023-01-20 23:00:00,1467,10124,USA
13267,C3,Laptop,5,2023-01-21 00:00:00,153,10029,India
10825,D4,Laptop,4,2023-01-21 01:00:00,627,10052,Germany
17668,B2,Headphones,5,2023-01-21 02:00:00,710,10137,USA
15745,C3,Headphones,1,2023-01-21 03:00:00,292,10086,Canada
19708,C3,Laptop,5,2023-01-21 04:00:00,157,10138,UK
10412,E5,Tablet,2,2023-01-21 05:00:00,1234,10012,India
17543,E5,Tablet,5,2023-01-21 06:00:00,228,10039,UK
17587,A1,Headphones,4,2023-01-21 07:00:00,805,10088,Germany
10728,D4,Camera,2,2023-01-21 08:00:00,951,10067,USA
17164,A1,Laptop,1,2023-01-21 09:00:00,1449,10041,USA
18867,E5,Headphones,1,2023-01-21 10:00:00,107,10146,Canada
15988,B2,Headphones,3,2023-01-21 11:00:00,128,10093,USA
12504,E5,Laptop,2,2023-01-21 12:00:00,1235,10018,India
12967,D4,Laptop,3,2023-01-21 13:00:00,1046,10022,Germany
12786,E5,Tablet,2,2023-01-21 14:00:00,230,10053,UK
11122,D4,Camera,2,2023-01-21 15:00:00,287,10064,Germany
14079,D4,Camera,4,2023-01-21 16:00:00,808,10139,USA
11571,D4,Laptop,3,2023-01-21 17:00:00,1487,10023,UK
15073,D4,Phone,4,2023-01-21 18:00:00,1327,10033,Canada
15104,D4,Headphones,2,2023-01-21 19:00:00,311,10052,Germany
12143,B2,Headphones,1,2023-01-21 20:00:00,375,10135,UK
19879,A1,Laptop,2,2023-01-21 21:00:00,1196,10017,UK
16806,C3,Phone,4,2023-01-21 22:00:00,342,10056,UK
17357,A1,Tablet,3,2023-01-21 23:00:00,1225,10111,India
13440,D4,Laptop,3,2023-01-22 00:00:00,1086,10004,Germany
13766,B2,Laptop,4,2023-01-22 01:00:00,784,10012,UK
15644,E5,Headphones,3,2023-01-22 02:00:00,270,10082,Germany
12914,B2,Laptop,5,2023-01-22 03:00:00,752,10028,UK
14968,D4,Laptop,1,2023-01-22 04:00:00,287,10002,Canada
15917,B2,Laptop,1,2023-01-22 05:00:00,1209,10089,Canada
18787,B2,Headphones,1,2023-01-22 06:00:00,151,10103,Canada
10728,D4,Tablet,3,2023-01-22 07:00:00,210,10122,USA
11365,B2,Tablet,3,2023-01-22 08:00:00,976,10075,UK
14492,C3,Laptop,2,2023-01-22 09:00:00,1166,10129,USA
10698,C3,Headphones,2,2023-01-22 10:00:00,310,10107,Germany
17186,B2,Tablet,1,2023-01-22 11:00:00,1323,10081,USA
10395,E5,Tablet,5,2023-01-22 12:00:00,957,10076,Germany
17400,D4,Tablet,2,2023-01-22 13:00:00,726,10001,Germany
18082,C3,Headphones,2,2023-01-22 14:00:00,1149,10126,Germany
14171,E5,Headphones,3,2023-01-22 15:00:00,398,10134,USA
14360,B2,Laptop,5,2023-01-22 16:00:00,1200,10025,UK
12502,E5,Camera,1,2023-01-22 17:00:00,1023,10087,USA
10717,A1,Tablet,2,2023-01-22 18:00:00,236,10015,UK
12782,C3,Camera,5,2023-01-22 19:00:00,1143,10072,UK
14946,B2,Headphones,5,2023-01-22 20:00:00,539,10031,Germany
15486,D4,Headphones,1,2023-01-22 21:00:00,310,10014,USA
18335,B2,Headphones,5,2023-01-22 22:00:00,851,10140,UK
14980,D4,Camera,5,2023-01-22 23:00:00,534,10004,Canada
17266,B2,Headphones,5,2023-01-23 00:00:00,879,10073,UK
14491,E5,Laptop,2,2023-01-23 01:00:00,1330,10051,Canada
17192,E5,Headphones,1,2023-01-23 02:00:00,538,10076,USA
15588,E5,Phone,5,2023-01-23 03:00:00,765,10109,USA
17651,A1,Camera,5,2023-01-23 04:00:00,1165,10142,USA
13636,D4,Phone,2,2023-01-23 05:00:00,510,10105,UK
11167,E5,Headphones,1,2023-01-23 06:00:00,905,10126,India
11062,A1,Laptop,3,2023-01-23 07:00:00,709,10006,UK
12156,D4,Tablet,2,2023-01-23 08:00:00,526,10039,UK
17860,B2,Headphones,1,2023-01-23 09:00:00,1398,10098,Germany
15161,A1,Laptop,5,2023-01-23 10:00:00,1001,10142,Germany
15305,C3,Camera,1,2023-01-23 11:00:00,1041,10084,UK
16541,A1,Phone,1,2023-01-23 12:00:00,841,10064,Canada
14729,A1,Phone,1,2023-01-23 13:00:00,1492,10131,Germany
19348,D4,Phone,3,2023-01-23 14:00:00,1343,10010,UK
17330,B2,Camera,1,2023-01-23 15:00:00,1355,10107,India
15334,C3,Laptop,3,2023-01-23 16:00:00,427,10025,Canada
18924,E5,Camera,5,2023-01-23 17:00:00,151,10084,USA
14330,E5,Phone,3,2023-01-23 18:00:00,475,10122,UK
18010,A1,Headphones,5,2023-01-23 19:00:00,362,10143,UK
16801,D4,Tablet,5,2023-01-23 20:00:00,366,10067,Canada
14846,D4,Camera,3,2023-01-23 21:00:00,458,10103,Germany
16731,E5,Camera,2,2023-01-23 22:00:00,1440,10079,Germany
17241,C3,Laptop,4,2023-01-23 23:00:00,1447,10052,Germany
10953,B2,Laptop,1,2023-01-24 00:00:00,751,10105,USA
12539,C3,Camera,4,2023-01-24 01:00:00,145,10043,Canada
17056,B2,Phone,1,2023-01-24 02:00:00,699,10139,Canada
11542,E5,Tablet,1,2023-01-24 03:00:00,819,10089,Germany
15293,B2,Laptop,5,2023-01-24 04:00:00,1392,10100,Germany
11191,D4,Phone,1,2023-01-24 05:00:00,700,10096,India
16313,A1,Headphones,1,2023-01-24 06:00:00,480,10008,India
16938,A1,Laptop,3,2023-01-24 07:00:00,217,10011,UK
12681,E5,Phone,4,2023-01-24 08:00:00,215,10068,UK
19409,D4,Phone,3,2023-01-24 09:00:00,359,10027,Canada
11540,C3,Tablet,1,2023-01-24 10:00:00,1198,10055,Canada
16172,D4,Tablet,5,2023-01-24 11:00:00,404,10098,USA
15541,A1,Headphones,3,2023-01-24 12:00:00,106,10109,USA
19580,A1,Phone,3,2023-01-24 13:00:00,465,10076,India
11365,D4,Phone,2,2023-01-24 14:00:00,622,10102,UK
18691,D4,Tablet,1,2023-01-24 15:00:00,1471,10105,India
19872,A1,Laptop,5,2023-01-24 16:00:00,1338,10108,India
18702,C3,Laptop,3,2023-01-24 17:00:00,528,10111,UK
17494,E5,Camera,3,2023-01-24 18:00:00,890,10057,USA
14312,E5,Tablet,5,2023-01-24 19:00:00,846,10077,UK
11324,D4,Camera,1,2023-01-24 20:00:00,466,10074,Germany
19347,E5,Tablet,2,2023-01-24 21:00:00,412,10041,Germany
13141,A1,Headphones,3,2023-01-24 22:00:00,637,10067,Germany
17419,A1,Phone,2,2023-01-24 23:00:00,1020,10032,Canada
13486,D4,Headphones,4,2023-01-25 00:00:00,1177,10070,USA
11810,D4,Tablet,1,2023-01-25 01:00:00,964,10055,USA
16588,D4,Phone,4,2023-01-25 02:00:00,1287,10104,Canada
12923,C3,Laptop,4,2023-01-25 03:00:00,881,10100,India
15301,E5,Laptop,4,2023-01-25 04:00:00,433,10050,Germany
14186,D4,Camera,1,2023-01-25 05:00:00,897,10073,Germany
18905,B2,Tablet,1,2023-01-25 06:00:00,447,10120,India
15977,B2,Tablet,5,2023-01-25 07:00:00,372,10142,UK
14268,A1,Laptop,2,2023-01-25 08:00:00,1062,10142,UK
14748,E5,Headphones,2,2023-01-25 09:00:00,819,10004,USA
14849,D4,Phone,5,2023-01-25 10:00:00,599,10082,Canada
19435,B2,Headphones,5,2023-01-25 11:00:00,1216,10050,USA
13709,E5,Headphones,4,2023-01-25 12:00:00,784,10009,UK
19273,A1,Laptop,5,2023-01-25 13:00:00,178,10139,India
16619,C3,Laptop,3,2023-01-25 14:00:00,721,10003,USA
18647,E5,Laptop,2,2023-01-25 15:00:00,1340,10094,Germany
19086,E5,Camera,5,2023-01-25 16:00:00,1046,10145,Germany
19576,C3,Headphones,3,2023-01-25 17:00:00,457,10079,India
13072,E5,Tablet,3,2023-01-25 18:00:00,717,10035,UK
16530,A1,Phone,3,2023-01-25 19:00:00,606,10024,Germany
10504,A1,Camera,3,2023-01-25 20:00:00,1304,10097,Germany
11214,C3,Tablet,4,2023-01-25 21:00:00,675,10100,Canada
11531,D4,Headphones,3,2023-01-25 22:00:00,1369,10008,USA
17576,B2,Laptop,4,2023-01-25 23:00:00,343,10060,UK
10823,D4,Headphones,4,2023-01-26 00:00:00,605,10052,USA
10928,E5,Phone,3,2023-01-26 01:00:00,521,10145,UK
15029,B2,Camera,2,2023-01-26 02:00:00,1443,10062,Germany
10133,C3,Camera,3,2023-01-26 03:00:00,1210,10120,Canada
12105,C3,Phone,3,2023-01-26 04:00:00,316,10104,USA
13627,B2,Tablet,3,2023-01-26 05:00:00,1401,10003,Germany
16316,A1,Tablet,2,2023-01-26 06:00:00,1108,10092,UK
11852,B2,Camera,1,2023-01-26 07:00:00,1292,10027,USA
14910,E5,Camera,1,2023-01-26 08:00:00,429,10079,USA
14175,A1,Laptop,4,2023-01-26 09:00:00,749,10075,Germany
15348,C3,Tablet,4,2023-01-26 10:00:00,490,10115,USA
19442,B2,Phone,2,2023-01-26 11:00:00,480,10068,Canada
16190,D4,Tablet,5,2023-01-26 12:00:00,1429,10097,Canada
11256,D4,Laptop,1,2023-01-26 13:00:00,841,10000,Germany
13376,E5,Camera,4,2023-01-26 14:00:00,919,10095,UK
15645,D4,Camera,1,2023-01-26 15:00:00,772,10016,Germany
13486,B2,Laptop,2,2023-01-26 16:00:00,612,10111,Canada
13584,B2,Phone,2,2023-01-26 17:00:00,1048,10090,India
19588,D4,Camera,5,2023-01-26 18:00:00,1311,10087,India
18053,B2,Headphones,5,2023-01-26 19:00:00,1029,10089,USA
13330,E5,Camera,2,2023-01-26 20:00:00,1012,10048,USA
12703,A1,Headphones,4,2023-01-26 21:00:00,743,10037,India
18662,E5,Laptop,1,2023-01-26 22:00:00,526,10149,Canada
18120,E5,Laptop,3,2023-01-26 23:00:00,601,10131,USA
17114,B2,Camera,5,2023-01-27 00:00:00,829,10058,Germany
11353,A1,Tablet,3,2023-01-27 01:00:00,1383,10067,Germany
15063,B2,Headphones,4,2023-01-27 02:00:00,170,10129,Canada
18549,C3,Phone,5,2023-01-27 03:00:00,577,10048,USA
17575,B2,Camera,3,2023-01-27 04:00:00,1301,10125,Germany
10667,B2,Phone,4,2023-01-27 05:00:00,556,10110,USA
14468,B2,Camera,1,2023-01-27 06:00:00,288,10047,USA
19337,A1,Tablet,4,2023-01-27 07:00:00,390,10050,Germany
16819,B2,Tablet,5,2023-01-27 08:00:00,1019,10042,India
13719,A1,Tablet,2,2023-01-27 09:00:00,391,10097,Germany
12745,D4,Tablet,1,2023-01-27 10:00:00,855,10123,Canada
17483,C3,Laptop,3,2023-01-27 11:00:00,1406,10079,UK
10539,A1,Laptop,5,2023-01-27 12:00:00,476,10110,Germany
14964,D4,Headphones,2,2023-01-27 13:00:00,1279,10142,USA
14835,A1,Phone,4,2023-01-27 14:00:00,607,10026,USA
13775,A1,Camera,2,2023-01-27 15:00:00,627,10112,Germany
16042,C3,Camera,5,2023-01-27 16:00:00,1478,10085,UK
17102,E5,Laptop,5,2023-01-27 17:00:00,658,10113,Germany
17312,E5,Camera,2,2023-01-27 18:00:00,1310,10123,UK
15320,A1,Laptop,4,2023-01-27 19:00:00,1154,10048,UK
16132,B2,Headphones,2,2023-01-27 20:00:00,359,10075,Canada
17891,D4,Phone,5,2023-01-27 21:00:00,520,10054,USA
12779,B2,Headphones,5,2023-01-27 22:00:00,403,10055,USA
10924,B2,Tablet,3,2023-01-27 23:00:00,1041,10094,UK
11581,A1,Tablet,3,2023-01-28 00:00:00,1162,10043,USA
17714,A1,Tablet,1,2023-01-28 01:00:00,641,10086,India
13324,A1,Headphones,5,2023-01-28 02:00:00,1401,10083,UK
15713,A1,Camera,3,2023-01-28 03:00:00,1326,10015,USA
17026,E5,Phone,2,2023-01-28 04:00:00,1189,10148,India
10255,A1,Tablet,4,2023-01-28 05:00:00,207,10144,Canada
14804,E5,Tablet,2,2023-01-28 06:00:00,367,10036,USA
11838,E5,Tablet,4,2023-01-28 07:00:00,321,10076,India
10009,A1,Phone,3,2023-01-28 08:00:00,1213,10146,Germany
12871,C3,Tablet,1,2023-01-28 09:00:00,792,10044,Germany
18989,D4,Phone,2,2023-01-28 10:00:00,354,10145,India
17409,B2,Tablet,2,2023-01-28 11:00:00,352,10061,UK
17418,E5,Headphones,2,2023-01-28 12:00:00,356,10099,UK
15124,D4,Headphones,4,2023-01-28 13:00:00,482,10051,USA
11015,C3,Phone,3,2023-01-28 14:00:00,541,10018,Germany
12193,B2,Headphones,2,2023-01-28 15:00:00,698,10108,UK
18415,B2,Phone,2,2023-01-28 16:00:00,1213,10043,UK
17449,E5,Headphones,1,2023-01-28 17:00:00,489,10006,Germany
14158,A1,Headphones,1,2023-01-28 18:00:00,681,10116,Canada
13925,C3,Phone,3,2023-01-28 19:00:00,1167,10067,UK
16970,E5,Camera,3,2023-01-28 20:00:00,697,10033,India
16938,C3,Headphones,5,2023-01-28 21:00:00,118,10068,USA
14784,A1,Tablet,1,2023-01-28 22:00:00,1224,10054,UK
14000,A1,Camera,5,2023-01-28 23:00:00,706,10009,UK
11633,E5,Phone,4,2023-01-29 00:00:00,1480,10041,Canada
17266,A1,Camera,5,2023-01-29 01:00:00,132,10040,India
18702,D4,Laptop,2,2023-01-29 02:00:00,1352,10121,USA
10384,B2,Laptop,5,2023-01-29 03:00:00,961,10137,UK
10404,E5,Headphones,3,2023-01-29 04:00:00,254,10009,USA
18175,C3,Headphones,4,2023-01-29 05:00:00,1004,10101,Germany
12000,D4,Tablet,2,2023-01-29 06:00:00,1369,10127,UK
19860,E5,Camera,5,2023-01-29 07:00:00,504,10148,UK
15989,A1,Laptop,4,2023-01-29 08:00:00,943,10135,Germany
11460,A1,Headphones,4,2023-01-29 09:00:00,1284,10091,Canada
17190,A1,Camera,2,2023-01-29 10:00:00,846,10112,UK
17140,A1,Headphones,5,2023-01-29 11:00:00,1240,10077,USA
13636,C3,Headphones,4,2023-01-29 12:00:00,370,10084,India
14809,D4,Laptop,4,2023-01-29 13:00:00,869,10029,USA
14178,B2,Laptop,1,2023-01-29 14:00:00,271,10048,Canada
17245,C3,Headphones,4,2023-01-29 15:00:00,373,10008,India
16600,C3,Phone,1,2023-01-29 16:00:00,358,10144,USA
15997,B2,Headphones,5,2023-01-29 17:00:00,1258,10068,USA
12048,B2,Headphones,5,2023-01-29 18:00:00,521,10057,Germany
14780,A1,Tablet,5,2023-01-29 19:00:00,1309,10061,Canada
10716,C3,Tablet,3,2023-01-29 20:00:00,463,10051,Germany
17939,E5,Tablet,5,2023-01-29 21:00:00,477,10039,India
15565,B2,Phone,4,2023-01-29 22:00:00,679,10062,Germany
14544,B2,Phone,2,2023-01-29 23:00:00,990,10146,Canada
14976,D4,Headphones,1,2023-01-30 00:00:00,821,10049,UK
13419,E5,Tablet,3,2023-01-30 01:00:00,1319,10140,UK
17239,E5,Phone,5,2023-01-30 02:00:00,980,10077,India
19766,B2,Laptop,5,2023-01-30 03:00:00,1221,10096,UK
10249,A1,Headphones,2,2023-01-30 04:00:00,704,10042,Germany
18865,D4,Camera,2,2023-01-30 05:00:00,121,10035,India
10770,E5,Headphones,3,2023-01-30 06:00:00,1295,10121,Canada
14363,B2,Camera,1,2023-01-30 07:00:00,482,10107,India
11077,E5,Tablet,5,2023-01-30 08:00:00,233,10009,India
18427,D4,Camera,3,2023-01-30 09:00:00,1148,10094,USA
18580,D4,Tablet,4,2023-01-30 10:00:00,602,10005,USA
17901,C3,Laptop,4,2023-01-30 11:00:00,1308,10056,India
14858,B2,Camera,3,2023-01-30 12:00:00,1208,10128,UK
16544,D4,Headphones,5,2023-01-30 13:00:00,243,10070,USA
14719,C3,Tablet,3,2023-01-30 14:00:00,323,10020,Canada
12814,C3,Headphones,5,2023-01-30 15:00:00,319,10091,Germany
13374,E5,Phone,2,2023-01-30 16:00:00,278,10126,USA
11252,E5,Tablet,3,2023-01-30 17:00:00,532,10079,India
16996,C3,Camera,5,2023-01-30 18:00:00,364,10055,UK
14673,E5,Tablet,3,2023-01-30 19:00:00,1053,10115,Germany
14530,D4,Headphones,3,2023-01-30 20:00:00,528,10147,USA
16881,A1,Laptop,5,2023-01-30 21:00:00,515,10024,UK
16949,D4,Tablet,5,2023-01-30 22:00:00,826,10004,UK
19521,C3,Camera,1,2023-01-30 23:00:00,296,10119,UK
16241,C3,Phone,3,2023-01-31 00:00:00,1176,10020,India
18017,D4,Laptop,4,2023-01-31 01:00:00,579,10017,Canada
16941,E5,Phone,3,2023-01-31 02:00:00,1453,10056,UK
19550,E5,Tablet,3,2023-01-31 03:00:00,1374,10092,Germany
17002,C3,Headphones,5,2023-01-31 04:00:00,989,10018,USA
11331,B2,Headphones,3,2023-01-31 05:00:00,1024,10127,Germany
14261,E5,Camera,3,2023-01-31 06:00:00,222,10096,India
17648,D4,Headphones,4,2023-01-31 07:00:00,1462,10130,India
19550,E5,Laptop,5,2023-01-31 08:00:00,877,10020,Germany
15115,D4,Headphones,3,2023-01-31 09:00:00,447,10039,Canada
14637,C3,Camera,2,2023-01-31 10:00:00,128,10066,India
14854,E5,Tablet,1,2023-01-31 11:00:00,1074,10126,India
13177,D4,Tablet,4,2023-01-31 12:00:00,134,10054,Germany
17730,C3,Headphones,3,2023-01-31 13:00:00,722,10108,India
12180,B2,Phone,2,2023-01-31 14:00:00,1417,10097,Canada
14892,D4,Tablet,3,2023-01-31 15:00:00,688,10111,Canada
17043,B2,Headphones,3,2023-01-31 16:00:00,1472,10114,Canada
10137,B2,Camera,5,2023-01-31 17:00:00,1270,10116,USA
16327,A1,Headphones,5,2023-01-31 18:00:00,1190,10086,Canada
13472,E5,Tablet,5,2023-01-31 19:00:00,1003,10080,Canada
15449,D4,Camera,2,2023-01-31 20:00:00,619,10065,USA
12832,B2,Headphones,3,2023-01-31 21:00:00,221,10018,UK
13579,A1,Laptop,1,2023-01-31 22:00:00,439,10134,India
15971,C3,Camera,4,2023-01-31 23:00:00,274,10117,Canada
14164,D4,Laptop,5,2023-02-01 00:00:00,696,10041,India
17941,B2,Phone,5,2023-02-01 01:00:00,550,10041,Germany
15569,E5,Camera,3,2023-02-01 02:00:00,656,10058,India
14300,A1,Laptop,3,2023-02-01 03:00:00,1259,10019,USA
16269,B2,Tablet,2,2023-02-01 04:00:00,1139,10072,India
13818,E5,Tablet,2,2023-02-01 05:00:00,1456,10016,India
11906,B2,Phone,5,2023-02-01 06:00:00,1318,10026,India
16254,D4,Camera,3,2023-02-01 07:00:00,108,10001,UK
10760,D4,Camera,1,2023-02-01 08:00:00,433,10062,UK
17830,D4,Camera,4,2023-02-01 09:00:00,1456,10061,Germany
17350,A1,Phone,3,2023-02-01 10:00:00,1116,10099,USA
16238,D4,Camera,3,2023-02-01 11:00:00,426,10018,India
16090,E5,Tablet,2,2023-02-01 12:00:00,114,10016,India
16031,B2,Laptop,4,2023-02-01 13:00:00,938,10068,India
17687,C3,Tablet,5,2023-02-01 14:00:00,325,10116,India
19091,E5,Tablet,3,2023-02-01 15:00:00,212,10080,UK
19911,E5,Laptop,5,2023-02-01 16:00:00,100,10038,Germany
18472,D4,Tablet,3,2023-02-01 17:00:00,365,10035,Canada
11887,A1,Phone,5,2023-02-01 18:00:00,1331,10131,USA
13266,B2,Laptop,4,2023-02-01 19:00:00,1051,10028,India
10666,A1,Tablet,2,2023-02-01 20:00:00,1492,10050,Germany
14188,B2,Headphones,4,2023-02-01 21:00:00,405,10013,Canada
10671,B2,Tablet,1,2023-02-01 22:00:00,111,10068,Germany
16777,A1,Phone,2,2023-02-01 23:00:00,1468,10145,UK
17570,E5,Camera,4,2023-02-02 00:00:00,1491,10056,Canada
17956,B2,Tablet,1,2023-02-02 01:00:00,1036,10011,Germany
15124,A1,Camera,3,2023-02-02 02:00:00,519,10016,UK
15585,B2,Headphones,3,2023-02-02 03:00:00,988,10029,Germany
14777,C3,Tablet,5,2023-02-02 04:00:00,270,10087,Germany
13900,E5,Laptop,2,2023-02-02 05:00:00,233,10098,Canada
16677,D4,Camera,3,2023-02-02 06:00:00,1064,10022,UK
16981,B2,Headphones,2,2023-02-02 07:00:00,1148,10128,India
16376,C3,Laptop,3,2023-02-02 08:00:00,1313,10078,USA
10523,D4,Laptop,5,2023-02-02 09:00:00,1264,10031,Canada
12393,D4,Laptop,4,2023-02-02 10:00:00,757,10008,UK
12593,B2,Laptop,5,2023-02-02 11:00:00,1438,10014,Germany
19945,A1,Tablet,1,2023-02-02 12:00:00,1442,10026,UK
17240,B2,Tablet,3,2023-02-02 13:00:00,1215,10108,USA
16937,C3,Tablet,1,2023-02-02 14:00:00,278,10075,USA
16190,D4,Headphones,1,2023-02-02 15:00:00,1179,10147,India
15240,B2,Headphones,2,2023-02-02 16:00:00,1278,10064,India
16493,A1,Headphones,3,2023-02-02 17:00:00,210,10108,USA
12878,B2,Phone,1,2023-02-02 18:00:00,236,10128,Canada
14143,E5,Headphones,4,2023-02-02 19:00:00,331,10009,Canada
13644,A1,Tablet,1,2023-02-02 20:00:00,1091,10046,Germany
14432,C3,Tablet,4,2023-02-02 21:00:00,567,10122,India
11276,D4,Phone,2,2023-02-02 22:00:00,831,10058,Germany
15811,B2,Phone,1,2023-02-02 23:00:00,580,10095,India
10302,A1,Headphones,5,2023-02-03 00:00:00,1191,10102,USA
10638,E5,Camera,2,2023-02-03 01:00:00,913,10123,Canada
10055,A1,Phone,4,2023-02-03 02:00:00,1372,10085,Canada
18717,E5,Laptop,2,2023-02-03 03:00:00,1093,10145,USA
18150,C3,Tablet,1,2023-02-03 04:00:00,422,10111,Germany
12125,D4,Laptop,3,2023-02-03 05:00:00,1021,10026,Germany
10364,C3,Tablet,3,2023-02-03 06:00:00,1003,10017,UK
16809,B2,Tablet,4,2023-02-03 07:00:00,705,10081,India
14621,A1,Phone,4,2023-02-03 08:00:00,528,10071,Germany
15126,E5,Phone,3,2023-02-03 09:00:00,1392,10053,USA
15122,E5,Laptop,4,2023-02-03 10:00:00,247,10070,Germany
11646,A1,Tablet,2,2023-02-03 11:00:00,1241,10145,Canada
10918,A1,Laptop,5,2023-02-03 12:00:00,949,10037,India
12797,B2,Camera,5,2023-02-03 13:00:00,466,10136,UK
16506,C3,Laptop,2,2023-02-03 14:00:00,949,10034,India
15870,E5,Headphones,5,2023-02-03 15:00:00,1189,10081,Canada
11531,B2,Laptop,1,2023-02-03 16:00:00,912,10132,Canada
18172,C3,Headphones,2,2023-02-03 17:00:00,1493,10141,Canada
13345,B2,Headphones,4,2023-02-03 18:00:00,274,10003,Canada
17673,E5,Headphones,2,2023-02-03 19:00:00,687,10149,USA
16949,A1,Camera,3,2023-02-03 20:00:00,594,10022,UK
16882,A1,Laptop,4,2023-02-03 21:00:00,1072,10047,Canada
11906,C3,Laptop,3,2023-02-03 22:00:00,1237,10147,Canada
13086,D4,Camera,4,2023-02-03 23:00:00,1234,10124,Germany
18152,C3,Tablet,5,2023-02-04 00:00:00,1270,10054,UK
15750,D4,Phone,2,2023-02-04 01:00:00,134,10067,India
18905,B2,Laptop,1,2023-02-04 02:00:00,1098,10087,UK
11062,B2,Phone,4,2023-02-04 03:00:00,1432,10000,UK
11976,E5,Camera,4,2023-02-04 04:00:00,637,10134,UK
11296,D4,Tablet,3,2023-02-04 05:00:00,849,10094,Canada
16229,E5,Tablet,5,2023-02-04 06:00:00,1137,10139,Canada
17641,A1,Tablet,3,2023-02-04 07:00:00,473,10105,USA
10125,D4,Camera,3,2023-02-04 08:00:00,656,10132,India
14632,C3,Headphones,5,2023-02-04 09:00:00,332,10107,Germany
16288,A1,Headphones,1,2023-02-04 10:00:00,804,10041,UK
13596,A1,Phone,3,2023-02-04 11:00:00,662,10101,India
16168,C3,Headphones,3,2023-02-04 12:00:00,1038,10123,India
19795,A1,Headphones,4,2023-02-04 13:00:00,986,10139,USA
17561,D4,Tablet,5,2023-02-04 14:00:00,825,10102,Germany
18258,E5,Tablet,2,2023-02-04 15:00:00,1398,10145,UK
10232,A1,Phone,1,2023-02-04 16:00:00,175,10073,Germany
19361,D4,Laptop,1,2023-02-04 17:00:00,538,10107,USA
16371,B2,Phone,5,2023-02-04 18:00:00,798,10121,Canada
14206,D4,Phone,4,2023-02-04 19:00:00,1412,10016,India
19685,E5,Camera,4,2023-02-04 20:00:00,1014,10070,UK
17943,D4,Camera,5,2023-02-04 21:00:00,990,10061,Canada
16891,C3,Phone,4,2023-02-04 22:00:00,791,10040,USA
16738,E5,Phone,1,2023-02-04 23:00:00,352,10118,Germany
12472,B2,Phone,1,2023-02-05 00:00:00,1249,10044,India
12739,C3,Headphones,2,2023-02-05 01:00:00,1300,10057,UK
15401,D4,Camera,5,2023-02-05 02:00:00,1160,10125,Canada
11761,E5,Phone,3,2023-02-05 03:00:00,509,10043,Canada
10876,B2,Tablet,3,2023-02-05 04:00:00,226,10014,India
13812,C3,Tablet,2,2023-02-05 05:00:00,1291,10077,Germany
19504,B2,Headphones,2,2023-02-05 06:00:00,691,10069,USA
11460,D4,Headphones,4,2023-02-05 07:00:00,393,10100,Germany
11733,B2,Laptop,2,2023-02-05 08:00:00,1466,10002,Germany
11605,A1,Laptop,2,2023-02-05 09:00:00,1119,10085,Germany
15622,C3,Laptop,3,2023-02-05 10:00:00,409,10073,India
16767,B2,Headphones,4,2023-02-05 11:00:00,761,10050,India
16986,D4,Headphones,2,2023-02-05 12:00:00,627,10066,USA
13517,D4,Headphones,2,2023-02-05 13:00:00,639,10075,Germany
13735,B2,Tablet,4,2023-02-05 14:00:00,518,10092,India
19352,D4,Headphones,5,2023-02-05 15:00:00,543,10144,USA
18434,E5,Tablet,4,2023-02-05 16:00:00,784,10006,USA
12590,E5,Laptop,3,2023-02-05 17:00:00,939,10012,Germany
11063,E5,Laptop,5,2023-02-05 18:00:00,335,10119,UK
14324,A1,Laptop,1,2023-02-05 19:00:00,313,10065,Germany
19111,B2,Phone,4,2023-02-05 20:00:00,184,10003,UK
15342,A1,Phone,3,2023-02-05 21:00:00,893,10137,USA
10005,D4,Camera,5,2023-02-05 22:00:00,184,10087,India
17489,A1,Camera,4,2023-02-05 23:00:00,164,10016,Canada
18659,D4,Camera,2,2023-02-06 00:00:00,762,10051,USA
18195,D4,Phone,4,2023-02-06 01:00:00,726,10133,India
15966,C3,Phone,1,2023-02-06 02:00:00,163,10068,USA
18837,E5,Camera,4,2023-02-06 03:00:00,1466,10136,Germany
10117,D4,Camera,5,2023-02-06 04:00:00,1038,10020,UK
12551,C3,Headphones,5,2023-02-06 05:00:00,1018,10023,USA
15560,E5,Camera,4,2023-02-06 06:00:00,1475,10003,India
14289,D4,Headphones,5,2023-02-06 07:00:00,1281,10002,Germany
10846,D4,Tablet,2,2023-02-06 08:00:00,590,10067,Canada
16316,A1,Phone,4,2023-02-06 09:00:00,1348,10100,Germany
16469,A1,Camera,2,2023-02-06 10:00:00,412,10053,UK
19333,E5,Phone,2,2023-02-06 11:00:00,714,10034,Germany
18915,D4,Phone,3,2023-02-06 12:00:00,1018,10055,Canada
10224,B2,Phone,4,2023-02-06 13:00:00,912,10107,India
14208,A1,Tablet,5,2023-02-06 14:00:00,1039,10039,USA
16283,E5,Laptop,2,2023-02-06 15:00:00,1211,10067,UK
12048,D4,Camera,3,2023-02-06 16:00:00,1426,10045,Canada
16233,D4,Laptop,4,2023-02-06 17:00:00,779,10077,UK
19765,B2,Laptop,4,2023-02-06 18:00:00,534,10140,Germany
11828,E5,Laptop,1,2023-02-06 19:00:00,781,10005,UK
11917,D4,Phone,1,2023-02-06 20:00:00,1258,10016,Canada
14234,A1,Headphones,2,2023-02-06 21:00:00,1173,10098,USA
16988,B2,Phone,1,2023-02-06 22:00:00,439,10080,USA
12026,E5,Phone,2,2023-02-06 23:00:00,446,10001,UK
13744,B2,Laptop,5,2023-02-07 00:00:00,745,10076,India
19093,A1,Phone,2,2023-02-07 01:00:00,1470,10065,UK
10009,E5,Laptop,1,2023-02-07 02:00:00,748,10051,Germany
10260,B2,Headphones,5,2023-02-07 03:00:00,344,10091,USA
16038,C3,Camera,1,2023-02-07 04:00:00,208,10021,USA
19865,A1,Laptop,2,2023-02-07 05:00:00,632,10110,USA
12219,A1,Headphones,3,2023-02-07 06:00:00,1213,10106,India
17041,A1,Camera,4,2023-02-07 07:00:00,395,10066,India
12060,C3,Tablet,1,2023-02-07 08:00:00,211,10139,Canada
15287,C3,Laptop,2,2023-02-07 09:00:00,1300,10068,UK
11619,D4,Laptop,5,2023-02-07 10:00:00,442,10083,UK
18512,B2,Tablet,1,2023-02-07 11:00:00,200,10102,Germany
11342,D4,Tablet,1,2023-02-07 12:00:00,728,10038,USA
12832,B2,Laptop,4,2023-02-07 13:00:00,127,10012,India
12824,C3,Tablet,2,2023-02-07 14:00:00,1036,10040,Germany
11994,C3,Phone,3,2023-02-07 15:00:00,157,10056,Germany
13490,D4,Camera,5,2023-02-07 16:00:00,396,10011,India
19310,E5,Camera,2,2023-02-07 17:00:00,233,10012,UK
17984,D4,Camera,5,2023-02-07 18:00:00,1454,10119,USA
11604,B2,Phone,1,2023-02-07 19:00:00,348,10096,UK
10235,D4,Tablet,4,2023-02-07 20:00:00,1120,10056,Germany
11908,A1,Headphones,4,2023-02-07 21:00:00,649,10039,USA
18567,B2,Tablet,3,2023-02-07 22:00:00,1001,10117,Canada
13530,B2,Laptop,4,2023-02-07 23:00:00,1198,10079,Germany
15256,E5,Camera,1,2023-02-08 00:00:00,933,10127,UK
12635,C3,Tablet,3,2023-02-08 01:00:00,1291,10034,UK
18162,B2,Headphones,2,2023-02-08 02:00:00,870,10002,UK
19762,C3,Laptop,4,2023-02-08 03:00:00,1478,10119,India
12560,D4,Phone,3,2023-02-08 04:00:00,1348,10004,Germany
15415,A1,Phone,1,2023-02-08 05:00:00,245,10010,USA
13391,E5,Headphones,5,2023-02-08 06:00:00,1364,10125,UK
15951,C3,Laptop,5,2023-02-08 07:00:00,992,10070,UK
15468,B2,Camera,1,2023-02-08 08:00:00,443,10116,India
18007,C3,Tablet,1,2023-02-08 09:00:00,1158,10137,USA
19064,B2,Laptop,5,2023-02-08 10:00:00,801,10105,Germany
19444,C3,Phone,3,2023-02-08 11:00:00,100,10115,Canada
16413,B2,Headphones,5,2023-02-08 12:00:00,252,10066,India
16941,D4,Headphones,1,2023-02-08 13:00:00,528,10030,Germany
19506,B2,Tablet,4,2023-02-08 14:00:00,607,10074,Canada
14820,B2,Headphones,2,2023-02-08 15:00:00,1249,10070,UK
12898,A1,Headphones,4,2023-02-08 16:00:00,590,10065,UK
17546,B2,Laptop,4,2023-02-08 17:00:00,444,10069,USA
10077,A1,Camera,1,2023-02-08 18:00:00,320,10040,Canada
17577,E5,Tablet,5,2023-02-08 19:00:00,822,10019,UK
14227,A1,Laptop,3,2023-02-08 20:00:00,1148,10139,UK
10600,D4,Camera,4,2023-02-08 21:00:00,627,10038,USA
11065,A1,Laptop,5,2023-02-08 22:00:00,1305,10144,Germany
12136,E5,Laptop,3,2023-02-08 23:00:00,940,10044,UK
19510,D4,Headphones,4,2023-02-09 00:00:00,1165,10138,India
16943,C3,Camera,3,2023-02-09 01:00:00,580,10069,India
17804,C3,Tablet,5,2023-02-09 02:00:00,1029,10124,Germany
16565,A1,Tablet,2,2023-02-09 03:00:00,971,10090,Canada
15984,A1,Camera,5,2023-02-09 04:00:00,444,10069,USA
15142,E5,Headphones,1,2023-02-09 05:00:00,144,10129,India
14670,E5,Phone,3,2023-02-09 06:00:00,120,10083,India
12190,B2,Laptop,2,2023-02-09 07:00:00,1193,10088,Germany
19184,E5,Headphones,3,2023-02-09 08:00:00,972,10078,Canada
12712,B2,Camera,3,2023-02-09 09:00:00,147,10112,Canada
12192,D4,Laptop,4,2023-02-09 10:00:00,650,10092,Germany
11248,A1,Tablet,1,2023-02-09 11:00:00,386,10071,India
14033,D4,Phone,3,2023-02-09 12:00:00,1101,10048,USA
11997,E5,Tablet,5,2023-02-09 13:00:00,1133,10051,India
13687,D4,Camera,5,2023-02-09 14:00:00,641,10032,Canada
14018,D4,Laptop,4,2023-02-09 15:00:00,855,10021,India
11970,D4,Camera,1,2023-02-09 16:00:00,373,10113,USA
18389,E5,Laptop,1,2023-02-09 17:00:00,1055,10132,UK
15765,D4,Headphones,5,2023-02-09 18:00:00,699,10017,India
11202,B2,Phone,2,2023-02-09 19:00:00,480,10117,Germany
18135,E5,Headphones,4,2023-02-09 20:00:00,1452,10116,UK
15567,D4,Headphones,4,2023-02-09 21:00:00,578,10036,Germany
17667,E5,Camera,5,2023-02-09 22:00:00,114,10063,Germany
15742,C3,Phone,5,2023-02-09 23:00:00,615,10137,Germany
15788,B2,Laptop,2,2023-02-10 00:00:00,290,10078,India
15408,D4,Laptop,2,2023-02-10 01:00:00,1291,10122,Canada
18669,C3,Tablet,1,2023-02-10 02:00:00,720,10043,UK
19446,C3,Laptop,4,2023-02-10 03:00:00,1260,10081,USA
10922,E5,Camera,4,2023-02-10 04:00:00,253,10086,Canada
10419,C3,Headphones,5,2023-02-10 05:00:00,1332,10015,India
12204,B2,Headphones,1,2023-02-10 06:00:00,371,10053,Germany
11120,B2,Headphones,4,2023-02-10 07:00:00,242,10101,USA
10950,A1,Phone,1,2023-02-10 08:00:00,1192,10097,UK
12336,B2,Laptop,1,2023-02-10 09:00:00,346,10001,Canada
15373,C3,Camera,5,2023-02-10 10:00:00,1384,10093,Canada
12243,B2,Phone,1,2023-02-10 11:00:00,887,10140,USA
12645,E5,Tablet,2,2023-02-10 12:00:00,178,10058,India
14612,A1,Camera,2,2023-02-10 13:00:00,722,10068,UK
11865,C3,Camera,3,2023-02-10 14:00:00,624,10118,USA
16028,A1,Camera,5,2023-02-10 15:00:00,871,10091,Germany
17326,C3,Headphones,3,2023-02-10 16:00:00,1037,10044,UK
16371,E5,Camera,2,2023-02-10 17:00:00,1453,10147,Canada
16359,A1,Laptop,3,2023-02-10 18:00:00,1312,10023,USA
17863,D4,Camera,5,2023-02-10 19:00:00,1218,10090,Canada
13228,C3,Headphones,5,2023-02-10 20:00:00,716,10093,Canada
13719,D4,Camera,1,2023-02-10 21:00:00,1131,10057,Canada
12371,A1,Tablet,4,2023-02-10 22:00:00,166,10127,India
12891,D4,Tablet,1,2023-02-10 23:00:00,290,10006,Canada
13756,D4,Headphones,5,2023-02-11 00:00:00,1489,10046,Germany
14225,A1,Laptop,2,2023-02-11 01:00:00,867,10052,Germany
10094,E5,Laptop,2,2023-02-11 02:00:00,620,10037,UK
12674,D4,Phone,1,2023-02-11 03:00:00,1089,10052,Canada
16898,D4,Headphones,5,2023-02-11 04:00:00,1240,10142,Canada
10793,E5,Camera,2,2023-02-11 05:00:00,366,10047,USA
12116,D4,Headphones,5,2023-02-11 06:00:00,584,10094,India
15779,D4,Phone,2,2023-02-11 07:00:00,1421,10146,UK
16166,D4,Headphones,5,2023-02-11 08:00:00,1287,10136,Canada
10814,B2,Headphones,3,2023-02-11 09:00:00,475,10063,USA
10345,E5,Phone,5,2023-02-11 10:00:00,752,10092,India
18554,D4,Laptop,5,2023-02-11 11:00:00,1391,10124,UK
12443,E5,Camera,1,2023-02-11 12:00:00,648,10038,UK
17783,C3,Phone,3,2023-02-11 13:00:00,1197,10003,Canada
10984,C3,Tablet,4,2023-02-11 14:00:00,172,10125,UK
17790,D4,Laptop,1,2023-02-11 15:00:00,407,10002,USA
19831,E5,Tablet,4,2023-02-11 16:00:00,298,10063,UK
10827,E5,Laptop,2,2023-02-11 17:00:00,1253,10028,Germany
13531,E5,Camera,4,2023-02-11 18:00:00,671,10115,USA
17147,B2,Camera,5,2023-02-11 19:00:00,890,10010,India
14451,C3,Headphones,4,2023-02-11 20:00:00,1274,10096,India
13876,E5,Tablet,1,2023-02-11 21:00:00,1329,10101,Canada
15959,E5,Laptop,1,2023-02-11 22:00:00,278,10020,Canada
10126,B2,Camera,4,2023-02-11 23:00:00,296,10038,Germany
13177,B2,Phone,1,2023-02-12 00:00:00,834,10101,India
18795,E5,Camera,1,2023-02-12 01:00:00,188,10045,India
16024,A1,Phone,4,2023-02-12 02:00:00,898,10065,India
15109,E5,Laptop,3,2023-02-12 03:00:00,887,10090,India
14146,E5,Camera,3,2023-02-12 04:00:00,847,10110,UK
17196,B2,Camera,2,2023-02-12 05:00:00,1306,10081,USA
13368,B2,Laptop,1,2023-02-12 06:00:00,308,10122,USA
13797,E5,Camera,4,2023-02-12 07:00:00,592,10098,Germany
11792,E5,Phone,1,2023-02-12 08:00:00,1253,10034,UK
15732,E5,Camera,5,2023-02-12 09:00:00,764,10102,India
13476,B2,Tablet,1,2023-02-12 10:00:00,1136,10128,India
13417,E5,Headphones,1,2023-02-12 11:00:00,970,10024,Canada
11645,E5,Phone,3,2023-02-12 12:00:00,831,10042,Canada
19397,D4,Tablet,4,2023-02-12 13:00:00,1229,10083,Germany
13030,A1,Laptop,1,2023-02-12 14:00:00,1498,10050,India
12872,C3,Phone,3,2023-02-12 15:00:00,797,10129,Germany
13072,A1,Headphones,2,2023-02-12 16:00:00,1222,10125,UK
11854,D4,Headphones,3,2023-02-12 17:00:00,693,10068,USA
14021,C3,Laptop,3,2023-02-12 18:00:00,985,10008,India
14662,E5,Laptop,3,2023-02-12 19:00:00,951,10001,UK
16514,D4,Phone,1,2023-02-12 20:00:00,1315,10009,India
15031,E5,Camera,1,2023-02-12 21:00:00,424,10113,Canada
12708,B2,Laptop,2,2023-02-12 22:00:00,1078,10075,Germany
17112,D4,Camera,5,2023-02-12 23:00:00,1055,10084,Canada
19524,B2,Tablet,5,2023-02-13 00:00:00,993,10048,USA
18393,D4,Headphones,5,2023-02-13 01:00:00,1490,10069,Canada
13507,D4,Camera,2,2023-02-13 02:00:00,1441,10130,India
16456,B2,Headphones,5,2023-02-13 03:00:00,243,10132,Canada
14212,C3,Camera,5,2023-02-13 04:00:00,483,10089,India
17970,A1,Tablet,3,2023-02-13 05:00:00,315,10025,USA
18766,E5,Laptop,1,2023-02-13 06:00:00,1484,10071,Canada
10536,D4,Tablet,1,2023-02-13 07:00:00,423,10004,Germany
11625,E5,Laptop,3,2023-02-13 08:00:00,1138,10014,Germany
17973,B2,Laptop,3,2023-02-13 09:00:00,316,10122,Germany
18577,E5,Headphones,3,2023-02-13 10:00:00,1050,10143,Canada
18070,B2,Tablet,1,2023-02-13 11:00:00,282,10000,Canada
18666,E5,Camera,5,2023-02-13 12:00:00,369,10143,Canada
18609,A1,Tablet,3,2023-02-13 13:00:00,1044,10002,India
16490,A1,Headphones,2,2023-02-13 14:00:00,969,10046,USA
13600,A1,Laptop,3,2023-02-13 15:00:00,566,10094,Germany
16783,A1,Headphones,4,2023-02-13 16:00:00,404,10012,India
19146,A1,Phone,3,2023-02-13 17:00:00,1267,10119,Germany
14971,A1,Phone,1,2023-02-13 18:00:00,210,10054,India
11205,B2,Camera,3,2023-02-13 19:00:00,1113,10148,Canada
11990,D4,Headphones,4,2023-02-13 20:00:00,331,10065,Germany
15299,E5,Camera,2,2023-02-13 21:00:00,694,10089,Canada
13572,A1,Camera,5,2023-02-13 22:00:00,1396,10061,Germany
15975,B2,Phone,3,2023-02-13 23:00:00,272,10101,UK
16320,B2,Camera,4,2023-02-14 00:00:00,1072,10138,India
14380,B2,Phone,4,2023-02-14 01:00:00,1130,10007,UK
14757,D4,Laptop,2,2023-02-14 02:00:00,1278,10096,India
12713,E5,Headphones,1,2023-02-14 03:00:00,645,10116,USA
15588,D4,Camera,3,2023-02-14 04:00:00,647,10063,Germany
10966,C3,Phone,4,2023-02-14 05:00:00,617,10020,USA
14944,B2,Tablet,2,2023-02-14 06:00:00,1013,10114,USA
13432,C3,Camera,5,2023-02-14 07:00:00,314,10084,India
10688,A1,Laptop,4,2023-02-14 08:00:00,233,10019,UK
14243,A1,Laptop,2,2023-02-14 09:00:00,384,10007,Canada
13701,D4,Tablet,1,2023-02-14 10:00:00,1249,10057,India
18533,E5,Phone,1,2023-02-14 11:00:00,785,10045,Canada
15182,C3,Camera,4,2023-02-14 12:00:00,1275,10030,USA
19916,E5,Phone,4,2023-02-14 13:00:00,430,10092,Canada
16704,D4,Laptop,3,2023-02-14 14:00:00,1238,10008,UK
14422,A1,Phone,2,2023-02-14 15:00:00,993,10014,India
19984,E5,Laptop,4,2023-02-14 16:00:00,1407,10093,UK
11759,E5,Phone,3,2023-02-14 17:00:00,998,10137,UK
19181,A1,Tablet,3,2023-02-14 18:00:00,1198,10028,India
12482,C3,Headphones,4,2023-02-14 19:00:00,1289,10079,UK
18058,A1,Tablet,1,2023-02-14 20:00:00,1312,10035,Germany
10951,E5,Tablet,2,2023-02-14 21:00:00,177,10083,Germany
18914,C3,Headphones,2,2023-02-14 22:00:00,1046,10108,Germany
12079,C3,Headphones,1,2023-02-14 23:00:00,787,10117,Canada
12717,A1,Camera,4,2023-02-15 00:00:00,120,10036,UK
14524,E5,Camera,2,2023-02-15 01:00:00,665,10085,India
19692,D4,Tablet,4,2023-02-15 02:00:00,1307,10070,India
18477,E5,Tablet,4,2023-02-15 03:00:00,1345,10092,Canada
17311,B2,Laptop,3,2023-02-15 04:00:00,926,10079,India
17186,D4,Laptop,1,2023-02-15 05:00:00,1451,10101,Germany
12065,C3,Camera,4,2023-02-15 06:00:00,278,10013,UK
10768,D4,Camera,5,2023-02-15 07:00:00,1235,10116,India
15490,C3,Laptop,1,2023-02-15 08:00:00,1182,10072,India
16645,C3,Laptop,2,2023-02-15 09:00:00,1450,10090,USA
15083,D4,Phone,3,2023-02-15 10:00:00,1004,10089,USA
15232,C3,Phone,2,2023-02-15 11:00:00,768,10028,USA
15797,C3,Laptop,2,2023-02-15 12:00:00,290,10048,UK
19138,B2,Phone,1,2023-02-15 13:00:00,1323,10071,Germany
14926,E5,Headphones,2,2023-02-15 14:00:00,1435,10132,Germany
16016,E5,Camera,4,2023-02-15 15:00:00,807,10041,Germany
13335,B2,Camera,2,2023-02-15 16:00:00,1158,10134,UK
18038,D4,Laptop,3,2023-02-15 17:00:00,478,10041,UK
14873,A1,Tablet,3,2023-02-15 18:00:00,486,10104,USA
11481,A1,Laptop,5,2023-02-15 19:00:00,336,10026,India
16305,A1,Phone,3,2023-02-15 20:00:00,715,10057,Canada
13451,B2,Tablet,2,2023-02-15 21:00:00,382,10045,Canada
10054,B2,Phone,3,2023-02-15 22:00:00,100,10065,India
17643,C3,Headphones,1,2023-02-15 23:00:00,563,10024,USA
13462,A1,Phone,3,2023-02-16 00:00:00,1353,10072,India
10832,D4,Headphones,4,2023-02-16 01:00:00,1066,10116,India
15954,D4,Headphones,1,2023-02-16 02:00:00,271,10128,Canada
18519,A1,Phone,5,2023-02-16 03:00:00,1210,10086,USA
17221,A1,Phone,4,2023-02-16 04:00:00,1246,10073,UK
13310,A1,Headphones,2,2023-02-16 05:00:00,942,10124,Canada
13300,B2,Tablet,2,2023-02-16 06:00:00,1421,10066,UK
16722,B2,Headphones,2,2023-02-16 07:00:00,789,10005,USA
17218,B2,Camera,4,2023-02-16 08:00:00,674,10124,India
17776,E5,Headphones,4,2023-02-16 09:00:00,264,10057,Germany
13675,D4,Tablet,4,2023-02-16 10:00:00,482,10069,Germany
13054,D4,Camera,1,2023-02-16 11:00:00,308,10052,USA
17970,C3,Laptop,1,2023-02-16 12:00:00,323,10065,Germany
12143,B2,Laptop,2,2023-02-16 13:00:00,102,10057,UK
15207,E5,Tablet,3,2023-02-16 14:00:00,471,10081,Germany
19503,E5,Headphones,2,2023-02-16 15:00:00,710,10086,USA
12538,D4,Phone,5,2023-02-16 16:00:00,215,10001,USA
14547,B2,Tablet,1,2023-02-16 17:00:00,1393,10149,UK
15619,C3,Camera,4,2023-02-16 18:00:00,546,10036,Germany
18356,B2,Camera,1,2023-02-16 19:00:00,1491,10147,Germany
16612,A1,Laptop,4,2023-02-16 20:00:00,1376,10102,India
15005,B2,Camera,5,2023-02-16 21:00:00,1440,10023,Canada
10822,A1,Tablet,5,2023-02-16 22:00:00,514,10111,USA
10943,A1,Camera,1,2023-02-16 23:00:00,1218,10064,India
16150,C3,Tablet,4,2023-02-17 00:00:00,991,10128,USA
14425,D4,Phone,5,2023-02-17 01:00:00,1147,10116,India
18966,B2,Laptop,2,2023-02-17 02:00:00,762,10115,Canada
12198,A1,Camera,2,2023-02-17 03:00:00,1173,10104,India
14242,B2,Tablet,4,2023-02-17 04:00:00,817,10002,USA
13695,D4,Headphones,1,2023-02-17 05:00:00,1458,10045,Germany
13452,D4,Laptop,5,2023-02-17 06:00:00,1202,10054,USA
19106,E5,Phone,1,2023-02-17 07:00:00,1150,10074,UK
11308,D4,Tablet,2,2023-02-17 08:00:00,370,10044,UK
14177,C3,Phone,5,2023-02-17 09:00:00,661,10076,UK
18705,A1,Phone,1,2023-02-17 10:00:00,903,10023,UK
16852,E5,Camera,3,2023-02-17 11:00:00,346,10034,Canada
16035,C3,Camera,4,2023-02-17 12:00:00,486,10023,Germany
13594,B2,Tablet,4,2023-02-17 13:00:00,801,10027,Germany
14841,A1,Headphones,3,2023-02-17 14:00:00,658,10015,USA
11409,D4,Tablet,2,2023-02-17 15:00:00,1072,10058,India
14566,A1,Headphones,5,2023-02-17 16:00:00,1484,10143,USA
14491,B2,Phone,4,2023-02-17 17:00:00,1083,10014,USA
11555,E5,Laptop,3,2023-02-17 18:00:00,451,10010,USA
10804,E5,Tablet,3,2023-02-17 19:00:00,1379,10078,USA
11279,E5,Tablet,2,2023-02-17 20:00:00,1345,10114,Germany
17083,D4,Headphones,2,2023-02-17 21:00:00,852,10067,India
15986,C3,Phone,1,2023-02-17 22:00:00,880,10042,USA
15619,C3,Phone,4,2023-02-17 23:00:00,1124,10068,Germany
11387,A1,Headphones,1,2023-02-18 00:00:00,645,10140,USA
12679,D4,Phone,3,2023-02-18 01:00:00,178,10137,UK
12106,E5,Camera,5,2023-02-18 02:00:00,1359,10074,USA
18173,E5,Laptop,5,2023-02-18 03:00:00,433,10102,USA
14223,B2,Tablet,2,2023-02-18 04:00:00,988,10040,Canada
14831,B2,Laptop,5,2023-02-18 05:00:00,1472,10058,UK
12768,E5,Tablet,5,2023-02-18 06:00:00,1221,10038,India
13186,E5,Camera,5,2023-02-18 07:00:00,1205,10002,USA
12573,D4,Phone,3,2023-02-18 08:00:00,601,10006,India
12599,C3,Headphones,5,2023-02-18 09:00:00,864,10048,UK
14033,B2,Camera,5,2023-02-18 10:00:00,1020,10025,USA
18428,C3,Laptop,5,2023-02-18 11:00:00,649,10100,Canada
11304,D4,Headphones,1,2023-02-18 12:00:00,113,10078,Germany
17368,E5,Phone,3,2023-02-18 13:00:00,491,10001,Canada
15877,C3,Camera,2,2023-02-18 14:00:00,1470,10126,Canada
11301,E5,Headphones,1,2023-02-18 15:00:00,409,10131,Germany
12541,E5,Camera,4,2023-02-18 16:00:00,485,10019,Germany
12051,A1,Camera,3,2023-02-18 17:00:00,1332,10116,Germany
16809,C3,Phone,3,2023-02-18 18:00:00,1480,10031,USA
18633,C3,Tablet,4,2023-02-18 19:00:00,1073,10027,India
18996,E5,Headphones,4,2023-02-18 20:00:00,1217,10076,India
10074,D4,Phone,4,2023-02-18 21:00:00,1216,10000,Germany
16981,A1,Camera,2,2023-02-18 22:00:00,439,10055,Canada
15475,E5,Phone,5,2023-02-18 23:00:00,696,10034,UK
18232,B2,Tablet,3,2023-02-19 00:00:00,856,10111,Germany
17184,B2,Headphones,5,2023-02-19 01:00:00,1145,10029,Canada
15796,A1,Tablet,5,2023-02-19 02:00:00,390,10053,Canada
17141,D4,Laptop,4,2023-02-19 03:00:00,405,10035,USA
11622,E5,Headphones,2,2023-02-19 04:00:00,733,10079,USA
18041,C3,Tablet,1,2023-02-19 05:00:00,1251,10057,India
10341,A1,Camera,2,2023-02-19 06:00:00,724,10082,India
12074,D4,Headphones,5,2023-02-19 07:00:00,1038,10064,UK
17992,C3,Headphones,2,2023-02-19 08:00:00,1396,10068,UK
10645,B2,Phone,4,2023-02-19 09:00:00,947,10127,UK
14263,B2,Camera,1,2023-02-19 10:00:00,541,10050,UK
18801,C3,Laptop,4,2023-02-19 11:00:00,602,10021,Canada
16136,A1,Tablet,1,2023-02-19 12:00:00,229,10106,Canada
18646,B2,Phone,5,2023-02-19 13:00:00,1255,10108,India
19900,E5,Tablet,1,2023-02-19 14:00:00,696,10115,USA
12969,C3,Laptop,1,2023-02-19 15:00:00,961,10100,USA
13028,C3,Laptop,1,2023-02-19 16:00:00,692,10099,Germany
17643,B2,Headphones,2,2023-02-19 17:00:00,1098,10067,Canada
12681,A1,Laptop,2,2023-02-19 18:00:00,424,10035,UK
13629,E5,Tablet,5,2023-02-19 19:00:00,1192,10145,UK
14225,A1,Camera,1,2023-02-19 20:00:00,547,10021,Germany
13067,D4,Camera,3,2023-02-19 21:00:00,918,10065,USA
15941,D4,Headphones,5,2023-02-19 22:00:00,1288,10020,UK
11386,B2,Tablet,1,2023-02-19 23:00:00,808,10099,USA
